{
  "engineCommit": "f2890f175",
  "preset": "Unreal Burley Reference",
  "presetSlug": "unreal_burley_reference",
  "viewpoint": "Front Lit",
  "viewport": {"width": 2048, "height": 1280},
  "cameraModelMatrix": [[0.999322, 1.63377e-10, 0.0368061, 0], [0.00294135, 0.996802, -0.0798605, 0], [-0.0366884, 0.0799147, 0.996126, 0], [-0.125475, 0.273309, -0.593242, 1]],
  "cameraProjectionMatrix": [[1.45833, 0, 0, 0], [0, 2.33333, 0, 0], [0, 0, -1, -1], [0, 0, -0.2, 0]],
  "lightDirection": [-0.997095, -0.0658136, -0.0383479],
  "lightColor": [0.98, 0.92, 0.89],
  "lightIntensity": 150000,
  "iblIntensity": 0,
  "sampleCount": 11,
  "baseColor": [0.21875, 0.178259, 0.13434],
  "thickness": 1,
  "scatteringDistance": 0.5,
  "subsurfaceColor": [1, 0.42616, 0.42616],
  "surfaceAlbedo": [0.21875, 0.178259, 0.13434],
  "meanFreePathColor": [1, 0.530583, 0.526042],
  "meanFreePathDistance": 0.15,
  "worldUnitScale": 1,
  "viewScatteringDistanceMultiplier": 0.5,
  "viewSubsurfaceColorMultiplier": [1, 0.42616, 0.42616],
  "tint": [1, 1, 1],
  "boundaryColorBleed": [1, 1, 1],
  "extinctionScale": 1,
  "normalScale": 0.08,
  "scatteringDistribution": 0.93,
  "ior": 1.55,
  "roughness0": 0.75,
  "roughness1": 1.3,
  "lobeMix": 0.85,
  "transmissionTintColor": [1, 1, 1],
  "thinRegionTransmission": true
}
