{
  "engineCommit": "ca4ed0859",
  "preset": "Unreal Burley Reference",
  "presetSlug": "unreal_burley_reference",
  "viewpoint": "Front Lit",
  "viewport": {"width": 2048, "height": 1280},
  "cameraModelMatrix": [[0.813878, 3.79344e-11, -0.581035, 0], [-0.0580067, 0.995004, -0.0812523, 0], [0.578132, 0.0998334, 0.809812, 0], [2.89066, 0.499167, 0.0490642, 1]],
  "cameraProjectionMatrix": [[1.45833, 0, 0, 0], [0, 2.33333, 0, 0], [0, 0, -1, -1], [0, 0, -0.2, 0]],
  "lightDirection": [-0.97427, 0.00194645, 0.225374],
  "lightColor": [0.98, 0.92, 0.89],
  "lightIntensity": 110000,
  "iblIntensity": 0,
  "sampleCount": 17,
  "baseColor": [0.21875, 0.178259, 0.13434],
  "thickness": 0.5,
  "scatteringDistance": 0.15,
  "subsurfaceColor": [1, 0.530583, 0.526042],
  "surfaceAlbedo": [0.21875, 0.178259, 0.13434],
  "meanFreePathColor": [1, 0.530583, 0.526042],
  "meanFreePathDistance": 0.15,
  "worldUnitScale": 1,
  "tint": [1, 1, 1],
  "boundaryColorBleed": [1, 1, 1],
  "extinctionScale": 1,
  "normalScale": 0.08,
  "scatteringDistribution": 0.93,
  "ior": 1.55,
  "roughness0": 0.75,
  "roughness1": 1.3,
  "lobeMix": 0.85,
  "transmissionTintColor": [1, 1, 1]
}
