{
  "engineCommit": "084779cfb",
  "preset": "Unreal Burley Reference",
  "presetSlug": "unreal_burley_reference",
  "viewpoint": "Front Lit",
  "viewport": {"width": 2048, "height": 1280},
  "cameraModelMatrix": [[0.980067, -1.22749e-09, -0.198669, 0], [-0.0198338, 0.995004, -0.0978434, 0], [0.197677, 0.0998334, 0.97517, 0], [0.766986, 0.387354, -0.216339, 1]],
  "cameraProjectionMatrix": [[1.45833, 0, 0, 0], [0, 2.33333, 0, 0], [0, 0, -1, -1], [0, 0, -0.2, 0]],
  "lightDirection": [-0.996108, -0.0013214, -0.0881282],
  "lightColor": [0.98, 0.92, 0.89],
  "lightIntensity": 110000,
  "iblIntensity": 0,
  "sampleCount": 11,
  "baseColor": [0.21875, 0.178259, 0.13434],
  "thickness": 0.936,
  "scatteringDistance": 0.5,
  "subsurfaceColor": [1, 0.530583, 0.526042],
  "surfaceAlbedo": [0.21875, 0.178259, 0.13434],
  "meanFreePathColor": [1, 0.530583, 0.526042],
  "meanFreePathDistance": 0.15,
  "worldUnitScale": 1,
  "viewScatteringDistanceMultiplier": 0.5,
  "viewSubsurfaceColorMultiplier": [1, 0.530583, 0.526042],
  "tint": [1, 1, 1],
  "boundaryColorBleed": [1, 1, 1],
  "extinctionScale": 1,
  "normalScale": 0.08,
  "scatteringDistribution": 0.93,
  "ior": 1.55,
  "roughness0": 0.75,
  "roughness1": 1.3,
  "lobeMix": 0.85,
  "transmissionTintColor": [1, 1, 1],
  "thinRegionTransmission": true
}
